Trek,Emonda,2017,Road,black,,Unisex,1000,1.5,3
Trek,Emonda,2017,Road,black,,Unisex,1000,1.5,3
Trek,Emonda,2017,Road,black,,Unisex,1000,1.5,3
Trek,Emonda,2017,Road,black,,Unisex,1000,1.5,3
Trek,Emonda,2017,Road,black,,Unisex,1000,1.5,3
Trek,Emonda,2017,Road,black,,Unisex,1000,1.5,3
Trek,Emonda,2017,Road,black,,Unisex,1000,1.5,3
Trek,Emonda,2017,Road,black,,Unisex,1000,1.5,3
Trek,Emonda,2017,Road,black,,Unisex,1000,1.5,3
Trek,Emonda,2017,Road,black,,Unisex,1000,1.5,3
Trek,Emonda,2017,Road,black,,Unisex,1000,1.5,3
Trek,Emonda,2017,Road,black,,Unisex,1000,1.5,3
Trek,Emonda,2017,Road,black,,Unisex,1000,1.5,3
Trek,Emonda,2017,Road,black,,Unisex,1000,1.5,3
Trek,Emonda,2017,Road,black,,Unisex,1000,1.5,3
Trek,Emonda,2017,Road,black,,Unisex,1000,1.5,3
Trek,Emonda,2017,Road,black,,Unisex,1000,1.5,3
